{"cameraMode":{"drawMode":0,"name":"Shaded","section":"Shading Mode"},"sceneLighting":true,"audioPlay":false,"sceneViewState":{"m_AlwaysRefresh":false,"showFog":true,"showSkybox":true,"showFlares":true,"showImageEffects":true,"showParticleSystems":true,"showVisualEffectGraphs":true,"m_FxEnabled":true},"in2DMode":false,"pivot":{"x":7.374629974365234,"y":-0.9477670192718506,"z":6.408337593078613},"rotation":{"x":-0.16556306183338166,"y":0.07447720319032669,"z":-0.012539968825876713,"w":-0.9833040833473206},"size":11.292227745056153,"orthographic":false}