{"cameraMode":{"drawMode":0,"name":"Shaded","section":"Shading Mode"},"sceneLighting":true,"audioPlay":false,"sceneViewState":{"m_AlwaysRefresh":false,"showFog":true,"showSkybox":true,"showFlares":true,"showImageEffects":true,"showParticleSystems":true,"showVisualEffectGraphs":true,"m_FxEnabled":true},"in2DMode":false,"pivot":{"x":-1.1701475381851197,"y":-1.4989116191864014,"z":4.913196086883545},"rotation":{"x":-0.16556306183338166,"y":0.07447720319032669,"z":-0.012539968825876713,"w":-0.9833040833473206},"size":3.5396852493286135,"orthographic":false}